year	day	date	name
2000	Fri	Nov 24	Black Friday
2001	Fri	Nov 23	Black Friday
2002	Fri	Nov 29	Black Friday
2003	Fri	Nov 28	Black Friday
2004	Fri	Nov 26	Black Friday
2005	Fri	Nov 25	Black Friday
2006	Fri	Nov 24	Black Friday
2007	Fri	Nov 23	Black Friday
2008	Fri	Nov 28	Black Friday
2009	Fri	Nov 27	Black Friday
2010	Fri	Nov 26	Black Friday
2011	Fri	Nov 25	Black Friday
2012	Fri	Nov 23	Black Friday
2013	Fri	Nov 29	Black Friday
2014	Fri	Nov 28	Black Friday
2015	Fri	Nov 27	Black Friday
2016	Fri	Nov 25	Black Friday
2017	Fri	Nov 24	Black Friday
2018	Fri	Nov 23	Black Friday
2019	Fri	Nov 29	Black Friday
2020	Fri	Nov 27	Black Friday
2021	Fri	Nov 26	Black Friday
2022	Fri	Nov 25	Black Friday
2023	Fri	Nov 24	Black Friday
2024	Fri	Nov 29	Black Friday
2025	Fri	Nov 28	Black Friday
2026	Fri	Nov 27	Black Friday
2027	Fri	Nov 26	Black Friday
2028	Fri	Nov 24	Black Friday
2029	Fri	Nov 23	Black Friday
2030	Fri	Nov 29	Black Friday
2031	Fri	Nov 28	Black Friday
2032	Fri	Nov 26	Black Friday
2033	Fri	Nov 25	Black Friday
2034	Fri	Nov 24	Black Friday
2035	Fri	Nov 23	Black Friday
2036	Fri	Nov 28	Black Friday
2037	Fri	Nov 27	Black Friday
2038	Fri	Nov 26	Black Friday
2039	Fri	Nov 25	Black Friday
2040	Fri	Nov 23	Black Friday
2041	Fri	Nov 29	Black Friday
2042	Fri	Nov 28	Black Friday
2043	Fri	Nov 27	Black Friday
2044	Fri	Nov 25	Black Friday
2045	Fri	Nov 24	Black Friday
2046	Fri	Nov 23	Black Friday
2047	Fri	Nov 29	Black Friday
2048	Fri	Nov 27	Black Friday
2049	Fri	Nov 26	Black Friday
